SNOMED,UZ,RU,EN,SNOMED DISPLAY
88487009,To'liq qon,??????? ?????,Whole blood,"Human whole
blood product"
431069006,Eritrotsitar massa,?????????????? ?????,Red blood cell mass,Packed red blood cells
346447007,Yangi muzlatilgan plazma,????????????????? ??????,Fresh frozen plasma,Fresh frozen plasma
23343005,Trombotsitar massa,?????????????? ?????,Platelet mass,Human platelet product
420599006,Kriopretsipitat,??????????????,Cryoprecipitate,Cryoprecipitate
126251004,"Leykotsitlar miqdori kamaytirilgan
inson eritrotsitlari","?????????? ???????? ? ???????????
??????????? ??????????","Leucocyte reduced red
blood cells, human","Leucocyte reduced red
blood cells, human"
256378001,Nurlantirilgan eritrotsitlar,?????????? ??????????,Red cells - irradiated,Red cells - irradiated
