SNOMED,CODE,UZ,RU,EN,SNOMED DISPLAY
63915006,abo-group,ABO guruhi,?????? ????? ABO,ABO group,ABO blood group system (qualifier value)
115678000,rhd-type,RhD turi,?????-?????????????? (RhD),RhD type,Rh blood group system (qualifier value)
118565006,volume,Hajm,?????,Volume,Volume
61928009,platelet-count,Trombotsitlar soni,?????????? ???????????,Platelet count,Platelet count (procedure)
372862008,anticoagulant,Antikoagulyant,?????????????,Anticoagulant,Anticoagulant (substance)
126251004,leukocyte-reduced,Leykotsitlardan tozalangan,???????????????????,Leukocyte-reduced,"Leukocyte reduced red blood cells, human (product)"
126241000,irradiated,Nurlantirilgan,??????????,Irradiated,Irradiated blood product (product)
126249003,washed,Yuvilgan,???????,Washed,"Washed red blood cells, human (product)"
71643009,frozen-cryopreserved,Muzlatilgan/kriokonservatsiyalangan,????????????/????????????????????,Frozen/cryopreserved,Frozen blood preparation (procedure)
304289003,cmv-status,CMV holati,?????? ??? (CMV),CMV status,Cytomegalovirus status (observable entity)
50095005,hbs-status,HbS holati,?????? HbS,HbS status,Hemoglobin S (substance)
246380002,collection-method,Yig'ish usuli,????? ?????????,Collection method,Method of collection (attribute)
246246002,special-testing-attributes,Maxsus tekshiruv xususiyatlari,?????? ???????? ????????????,Special testing attributes,Test type (attribute)
117063007,release-disposition,Chiqarish holati (release),?????? ??????? (release),"???????????? (??????? ""???????"": ?????????????/?????????)",
,blood-prop-0001-0001,Kengaytirilgan fenotip/genotip,??????????? ???????/???????,Extended phenotype/genotype,
,blood-prop-0001-0002,Patogenlardan tozalangan,???????-??????????????,Pathogen-reduced,
,blood-prop-0001-0003,"Donorlik turi (allogen, autolog, yo'naltirilgan)","??? ??????? (??????????, ????????????, ????????????)","Donation type (allogeneic, autologous, directed)",
,blood-prop-0001-0004,Qo'shimcha eritma,?????????? ???????,Additive solution,
4544-3(LOINC),hematocrit,Gematokrit,??????????,Hematocrit,Hematocrit [Volume Fraction] of Blood by Automated count
