https://terminology.dhp.uz/fhir/core/CodeSystem/observation-lab-research-codes-cs/										
CODE	CODE	UZ	RU	ENG						
Код	Лоинк-код	Tadqiqod turi	Тип исследования	Type of researchs						
test-0001-00001	58410-2	Umumiy qon tahlili	Общий анализ крови	CBC panel						
test-0001-00002	6690-2	WBC	WBC	Leukocytes [#/volume] in Blood by Automated count						
test-0001-00003	751-8	Neu#	Neu#	Neutrophils [#/volume] in Blood by Automated count						
test-0001-00004	731-0	Lym#	Lym#	Lymphocytes [#/volume] in Blood by Automated count						
test-0001-00005	742-7	Mon#	Mon#	Monocytes [#/volume] in Blood by Automated count						
test-0001-00006	711-2	Eos#	Eos#	Eosinophils [#/volume] in Blood by Automated count						
test-0001-00007	704-7	Bas#	Bas#	Basophils [#/volume] in Blood by Automated count						
test-0001-00008	770-8	Neu%	Neu%	Neutrophils/100 leukocytes in Blood by Automated count						
test-0001-00009	736-9	Lym%	Lym%	Lymphocytes/100 leukocytes in Blood by Automated count						
test-0001-00010	5905-5	Mon%	Mon%	Monocytes/100 leukocytes in Blood by Automated count						
test-0001-00011	713-8	Eos%	Eos%	Eosinophils/100 leukocytes in Blood by Automated count						
test-0001-00012	706-2	Bas%	Bas%	Basophils/100 leukocytes in Blood by Automated count						
test-0001-00013	789-8	RBC	RBC	Erythrocytes [#/volume] in Blood by Automated count						
test-0001-00014	718-7	HGB	HGB	Hemoglobin [Mass/volume] in Blood						
test-0001-00015	4544-3	HCT	HCT	Hematocrit [Volume Fraction] of Blood by Automated count						
test-0001-00016	787-2	MCV	MCV	MCV [Entitic volume] by Automated count						
test-0001-00017	785-6	MCH	MCH	MCH [Entitic mass] by Automated count						
test-0001-00018	786-4	MCHC	MCHC	MCHC [Mass/volume] by Automated count						
test-0001-00019	788-0	RDW-CV	RDW-CV	Erythrocyte distribution width (RDW-CV) [Ratio] by Automated count						
test-0001-00020	21000-5	RDW-SD	RDW-SD	Erythrocyte distribution width (RDW-SD) [Entitic volume] by Automated count						
test-0001-00021	777-3	PLT	PLT	Platelets [#/volume] in Blood by Automated count						
test-0001-00022	32623-1	MPV	MPV	Mean platelet volume [Entitic volume] in Blood by Automated count						
test-0001-00023	32207-3	PDW	PDW	Platelet distribution width [Entitic volume] in Blood by Automated count						
test-0001-00024	28542-9	PCT	PCT	Plateletcrit [Volume Fraction] of Blood by Automated count						
test-0001-00025	49498-9	P-LCC	P-LCC	Platelet large cell count [#/volume] in Blood by Automated count						
test-0001-00026	49138-3	P-LCR	P-LCR	Platelet large cell ratio [#] in Blood by Automated count						
test-0001-00027	4537-7	ECHT (eritrotsitlarning cho‘kish tezligi)	СОЭ(скорость оседания эритроцитов)	Erythrocyte sedimentation rate (ESR) by Westergren method						
test-0002-00001	34552-5	Qon koagulogrammasi (qon ivish ko‘rsatkichlari)	Коагулограммы крови	Coagulation panel						
test-0002-00002	5901-4	Kvik bo‘yicha protrombin indeksi	Протромбиновый индекс по Квику	Prothrombin activity (Quick) [Ratio] in Platelet poor plasma by Coagulation assay						
test-0002-00003	5902-2	Protrombin vaqti	Протромбиновое время	Prothrombin time (PT) [Time] in Platelet poor plasma by Coagulation assay						
test-0002-00004	6301-6	Xalqaro normallashtirilgan nisbat (INR)	МНО	INR (International normalized ratio) in Platelet poor plasma by Coagulation assay						
test-0002-00005	3244-3	Trombotest	Тромботест	Thrombotest [Interpretation] in Platelet poor plasma						
test-0002-00006	3255-7	Fibrinogen	Фибриноген	Fibrinogen [Mass/volume] in Platelet poor plasma by Coagulation assay						
test-0002-00007	3173-2	Faollashtirilgan qisman tromboplastin vaqti	АЧТВ	Activated partial thromboplastin time (APTT) [Time] in Platelet poor plasma by Coagulation assay						
test-0002-00008	3243-3	Trombin vaqti	Тромбиновое время	Thrombin time (TT) [Time] in Platelet poor plasma by Coagulation assay						
test-0003-00001	11529-5	Sitologik tekshiruv (surtma)	Цитологическое исследование(мазок)	Cytology study of genital specimen by Light microscopy						
test-0003-00002	20408-1	Leykotsitlar	Лейкоциты	Leukocytes [Presence] in Genital specimen by Light microscopy						
test-0003-00003	20407-3	Epitelial hujayralar	Эпителиалные клетки	Epithelial cells [Presence] in Genital specimen by Light microscopy						
test-0003-00004	20409-9	Mikroflora	Микрофлора	Bacteria [Presence] in Genital specimen by Light microscopy						
test-0003-00005	47972-9	Gonokokklar	Гонококки	Neisseria gonorrhoeae [Presence] in Genital specimen by Light microscopy						
test-0003-00006	47973-7	Trichomonadalar	Трихомонады	Trichomonas vaginalis [Presence] in Genital specimen by Light microscopy						
test-0003-00007	20410-7	Zamburug‘lar	Грибы	Yeast [Presence] in Genital specimen by Light microscopy						
test-0004-00001	11529-5	Najasning makroskopik tekshiruvi	Макроскопическое исследование кала	Cytology study of genital specimen by Light microscopy						
test-0004-00002	20408-1	Leykotsitlar	Лейкоциты	Leukocytes [Presence] in Genital specimen by Light microscopy						
test-0004-00003	20407-3	Epitelial hujayralar	Эпителиалные клетки	Epithelial cells [Presence] in Genital specimen by Light microscopy						
test-0004-00004	20409-9	Mikroflora	Микрофлора	Bacteria [Presence] in Genital specimen by Light microscopy						
test-0004-00005	47972-9	Gonokokklar	Гонококки	Neisseria gonorrhoeae [Presence] in Genital specimen by Light microscopy						
test-0004-00006	47973-7	Trichomonadalar	Трихомонады	Trichomonas vaginalis [Presence] in Genital specimen by Light microscopy						
test-0004-00007	20410-7	Zamburug‘lar	Грибы	Yeast [Presence] in Genital specimen by Light microscopy						
test-0005-00001		Najasning mikroskopik tekshiruvi	Микроскопическое исследование кала	Microscopic examination of feces						
test-0005-00002	19116-1	Mushak tolalari: chiziqli	Мышечные волокна:С исчерченностью	Muscle fibers striated [Presence] in Stool by Light microscopy						
test-0005-00003	19117-9	Mushak tolalari: chiziqsiz	Мышечные волокна:Без исчерченности	Muscle fibers non-striated [Presence] in Stool by Light microscopy						
test-0005-00004	19118-7	Biriktiruvchi to‘qima	Соединительная ткань	Connective tissue [Presence] in Stool by Light microscopy						
test-0005-00005	19119-5	Neytral yog‘	Жир нейтральный	Neutral fat [Presence] in Stool by Light microscopy						
test-0005-00006	19120-3	Yog‘ kislotalari	Жирные кислоты	Fatty acids [Presence] in Stool by Light microscopy						
test-0005-00007	19121-1	Sovunlar	Мыла	Soaps [Presence] in Stool by Light microscopy						
test-0005-00008	19122-9	Hazm bo‘ladigan o‘simlik tolasi	Растительная клетчатка перевариваемая	Plant fibers digested [Presence] in Stool by Light microscopy						
test-0005-00009	19123-7	Kraxmal	Крахмал	Starch granules [Presence] in Stool by Light microscopy						
test-0005-00010	19124-5	Yodofil flora	Йодофильная флора	Iodophilic bacteria [Presence] in Stool by Light microscopy						
test-0005-00011	19125-2	Kristallar	Кристаллы	Crystals [Presence] in Stool by Light microscopy						
test-0005-00012	19126-0	Shilliq	Слизь	Mucus [Presence] in Stool by Light microscopy						
test-0005-00013	19127-8	Epiteliy	Эпителий	Epithelial cells [Presence] in Stool by Light microscopy						
test-0005-00014	19128-6	Leykotsitlar	Лейкоциты	Leukocytes [Presence] in Stool by Light microscopy						
test-0005-00015	19129-4	Eritrotsitlar	Эритроциты	Erythrocytes [Presence] in Stool by Light microscopy						
test-0005-00016	19130-2	Eng sodda organizmlar (protozoylar)	Простейшие	Protozoa [Presence] in Stool by Light microscopy						
test-0005-00017	19131-0	Gijja tuxumlari	Яйца глистов	Ova (helminth) [Presence] in Stool by Light microscopy						
test-0005-00018	19132-8	Xamirturush zamburug‘lari	Дрожжевые грибы	Yeast [Presence] in Stool by Light microscopy						
test-0005-00019	6470-9	Najasning mikroskopik kuzatuvi (nam preparat)	Микроскопическое наблюдение кала (влажная препарация)	Microscopic observation [Identifier] in Stool by Wet preparation						
test-0005-00020	649-4	Najasning Gram bo‘yicha bo‘yalgan holda mikroskopiyasi	Микроскопия кала с грам-окраской	Microscopic observation [Identifier] in Stool by Gram stain						
test-0005-00021	6469-1	Najasning trixrom bo‘yicha bo‘yalgan holda mikroskopiyasi	Микроскопия кала с трихром-окраской	Microscopic observation [Identifier] in Stool by Trichrome stain						
test-0005-00022	20884-3	Najasning qorong‘i maydon usuli bilan mikroskopiyasi	Микроскопия кала методом тёмного поля	Microscopic observation [Identifier] in Stool by Dark field examination						
test-0005-00023	10704-5	Yorug‘lik mikroskopiyasi orqali najasda aniqlangan gijja tuxumlari va parazitlar	Яйца и паразиты, выявленные в кале при светлой микроскопии	Ova and parasites identified in Stool by Light microscopy						
test-0006-00001	24357-6	Siydikning makroskopik tekshiruvi	Макроскопическое исследование мочи	Urinalysis macro (dipstick) panel						
test-0006-00002	3167-4	Siydik hajmi	Количество	Urine volume [Volume]						
test-0006-00003	5778-6	Siydik rangi	Цвет	Color of Urine						
test-0006-00004	5767-9	Siydikning tashqi ko‘rinishi	Прозрачность	Appearance of Urine						
test-0006-00005	5811-5	Refraktometriya orqali siydikning solishtirma zichligi	Относительная плотность	Specific gravity of Urine by Refractometry						
test-0006-00006	2756-5	Siydik pH darajasi	Реакция	Urine pH						
test-0006-00007	5804-0	Test-tasma orqali siydikdagi oqsil miqdori	Белок	Protein [Mass/volume] in Urine by Test strip						
test-0006-00008	5792-7	Test-tasma orqali siydikdagi glyukoza miqdori	Глюкоза	Glucose [Mass/volume] in Urine by Test strip						
test-0006-00009	5797-6	Test-tasma orqali siydikdagi ketonlar miqdori	Кетоновые тела	Ketones [Mass/volume] in Urine by Test strip						
test-0006-00010	57751-0	Test-tasma orqali siydikda gemoglobinning mavjudligi	Реакция на наличие крови	Hemoglobin [Presence] in Urine by Test strip						
test-0006-00011	5770-3	Test-tasma orqali siydikda bilirubinning mavjudligi	Билирубин	Bilirubin [Presence] in Urine by Test strip						
test-0006-00012	20405-7	Test-tasma orqali siydikda urobilinogening mavjudligi	Уробилиноген	Urobilinogen [Presence] in Urine by Test strip						
test-0006-00013	14631-0	Siydikda o‘t kislotalarining mavjudligi	Желчные кислоты	Bile acids [Presence] in Urine						
test-0007-00001	12235-8	Siydikning mikroskopik tekshiruvi	Микроскопическое исследование мочи	Microscopic observation [Identifier] in Urine sediment by Light microscopy						
test-0007-00002	12258-0	Epiteliy: yassi	Эпителий: плоский	Epithelial cells.squamous [#/area] in Urine sediment by Microscopy HPF						
test-0007-00003	13654-9	Epiteliy: o‘tuvchi	Эпителий: переходный	Epithelial cells.transitional [#/area] in Urine sediment by Microscopy HPF						
test-0007-00004	12257-2	Epiteliy: buyrak epiteliyasi	Эпителий: почечный	Epithelial cells.renal [#/area] in Urine sediment by Microscopy HPF						
test-0007-00005	20408-1	Leykotsitlar	Лейкоциты	Leukocytes [#/area] in Urine sediment by Microscopy HPF						
test-0007-00006	57986-7	O‘zgargan eritrotsitlar	Эритроциты изменённые	Erythrocytes dysmorphic [#/area] in Urine sediment by Microscopy HPF						
test-0007-00007	20409-9	O‘zgarmagan eritrotsitlar	Эритроциты неизменённые	Erythrocytes [#/area] in Urine sediment by Microscopy HPF						
test-0007-00008	57974-3	Silindrlar: gialinli	Цилиндры: гиалиновые	Casts.hyaline [#/area] in Urine sediment by Microscopy LPF						
test-0007-00009	32162-6	Silindrlar: mumsimon	Цилиндры: восковидные	Casts.waxy [#/area] in Urine sediment by Microscopy LPF						
test-0007-00010	33062-0	Silindrlar: donador	Цилиндры: зернистые	Casts.granular [#/area] in Urine sediment by Microscopy LPF						
test-0007-00011	33061-2	Silindrlar: eritrotsitar	Цилиндры: эритроцитарные	Casts.red blood cells [#/area] in Urine sediment by Microscopy LPF						
test-0007-00012	33060-4	Silindrlar: leykotsitar	Цилиндры: лейкоцитарные	Casts.white blood cells [#/area] in Urine sediment by Microscopy LPF						
test-0007-00013	57976-8	Silindrlar: epitelial	Цилиндры: эпителиальные	Casts.epithelial cells [#/area] in Urine sediment by Microscopy LPF						
test-0007-00014	28545-2	Shilliq	Слизь	Mucus [Presence] in Urine sediment by Light microscopy						
test-0007-00015	12261-9	Tuzlar	Соли	Crystals [Presence] in Urine sediment by Light microscopy						
test-0007-00016	5769-5	Bakteriyalar	Бактерии	Bacteria [Presence] in Urine sediment by Light microscopy						
test-0008-00001	24323-8	Biokimyoviy qon tahlili	"Биохимическое исследование крови 
"	Comprehensive metabolic 2000 panel – Serum or Plasma						
test-0008-00002	2885-2	Umumiy oqsil	Общий белок	Protein [Mass/volume] in Serum or Plasma						
test-0008-00003	1751-7	Albumin	Альбумин	Albumin [Mass/volume] in Serum or Plasma						
test-0008-00004	2093-3	Xolesterin (umumiy)	Холестерин (общий)	Cholesterol [Mass/volume] in Serum or Plasma						
test-0008-00005	2571-8	Triglitseridlar	Триглицериды	Triglyceride [Mass/volume] in Serum or Plasma						
test-0008-00006	2345-7	Glyukoza	Глюкоза	Glucose [Mass/volume] in Serum or Plasma						
test-0008-00007	3094-0	Mochevina	Мочевина	Urea nitrogen [Mass/volume] in Serum or Plasma						
test-0008-00008	2160-0	Kreatinin	Креатинин	Creatinine [Mass/volume] in Serum or Plasma						
test-0008-00009	1975-2	Umumiy bilirubin	Билирубин общий	Bilirubin.total [Mass/volume] in Serum or Plasma						
test-0008-00010	1968-7	To‘g‘ri (bog‘langan) bilirubin	Билирубин прямой (связанный)	Bilirubin.direct [Mass/volume] in Serum or Plasma						
test-0008-00011	1971-1	Bilvosita (erkin) bilirubin	Билирубин непрямой (свободный)	Bilirubin.indirect [Mass/volume] in Serum or Plasma						
test-0008-00012	1742-6	Alaninaminotransferaza (ALT)	Аланинаминотрансфераза (АЛТ)	Alanine aminotransferase [Enzymatic activity/volume] in Serum or Plasma						
test-0008-00013	1920-8	Aspartataminotransferaza (AST)	Аспартатаминотрансфераза (АСТ)	Aspartate aminotransferase [Enzymatic activity/volume] in Serum or Plasma						
test-0008-00014	14804-9	Laktatdegidrogenaza (LDH)	Лактатдегидрогеназа (ЛДГ)	Lactate dehydrogenase [Enzymatic activity/volume] in Serum or Plasma						
test-0008-00015	2324-2	Gammaglutamiltransferaza (GGT)	Гаммаглутамилтрансфераза (ГГТ)	Gamma glutamyl transferase [Enzymatic activity/volume] in Serum or Plasma						
test-0008-00016	1798-8	Alfa-amilaza	Альфа-амилаза	Amylase [Enzymatic activity/volume] in Serum or Plasma						
test-0008-00017	6768-6	Ishqoriy fosfataza	Щелочная фосфатаза (ИФ)	Alkaline phosphatase [Enzymatic activity/volume] in Serum or Plasma						
test-0008-00018	2823-3	Kaliy	Калий	Potassium [Moles/volume] in Serum or Plasma						
test-0008-00019	2951-2	Natriy	Натрий	Sodium [Moles/volume] in Serum or Plasma						
test-0008-00020	17861-6	Kalsiy	Кальций	Calcium [Mass/volume] in Serum or Plasma						
test-0008-00021	2498-4	Temir	Железо	Iron [Mass/volume] in Serum or Plasma						
test-0008-00022	2777-1	Fosfor	Фосфор	Phosphate [Mass/volume] in Serum or Plasma						
test-0008-00023	2075-0	Xlor	Хлор	Chloride [Moles/volume] in Serum or Plasma						
test-0009-00001	24357-5	Gormonal qon tahlili	Гормональное исследование крови	Hormone studies (panel) – Serum or Plasma						
test-0009-00002	3053-6	T3 (triiodtironin)	Т3	Triiodothyronine (T3) [Mass/volume] in Serum or Plasma						
test-0009-00003	3026-2	T4 (tiroksin)	Т4	Thyroxine (T4) [Mass/volume] in Serum or Plasma						
test-0009-00004	3016-3	TTG (tireotrop gormon)	ТТГ	Thyrotropin (TSH) [Units/volume] in Serum or Plasma						
test-0009-00005	2243-4	Estradiol	Эстрадиол	Estradiol (E2) [Mass/volume] in Serum or Plasma						
test-0009-00006	2986-8	Testosteron	Тестостерон	Testosterone [Mass/volume] in Serum or Plasma						
test-0009-00007	2143-6	Kortizol	Кортизол	Cortisol [Mass/volume] in Serum or Plasma						
test-0009-00008	2842-3	Prolaktin	Пролактин	Prolactin [Mass/volume] in Serum or Plasma						
test-0009-00009	10501-5	LG (luteinlashtiruvchi gormon)	ЛГ	Luteinizing hormone (LH) [Units/volume] in Serum or Plasma						
test-0009-00010	15067-2	FSG (follikulni rag‘batlantiruvchi gormon)	ФСГ	Follicle stimulating hormone (FSH) [Units/volume] in Serum or Plasma						
test-0009-00011	2839-9	Progesteron	Прогестерон	Progesterone [Mass/volume] in Serum or Plasma						
test-0009-00012	2857-1	PSA (prostata-spetsifik antigen)	ПСА	Prostate specific Ag (PSA) [Mass/volume] in Serum or Plasma						
test-0010-00001	10558-7	Spermogramma tekshiruvi	Исследование спермограммы	Semen analysis (panel) – Semen						
test-0010-00002	10586-6	Hajmi	Объём	Semen volume [Volume]						
test-0010-00003	10587-4	Rangi	Цвет	Semen color [Type]						
test-0010-00004	10588-2	Hidi	Запах	Semen odor [Type]						
test-0010-00005	10590-8	Suyulish vaqti	Время разжижения	Semen liquefaction time						
test-0010-00006	10589-0	Kislotaliligi (pH)	Кислотность (pH)	Semen pH						
test-0010-00007	10591-6	Qovushqoqligi	Вязкость	Semen viscosity [Presence]						
test-0010-00008	11068-0	1 ml dagi spermatozoidlar soni	Количество сперматозоидов в 1 мл	Spermatozoa [#/volume] in Semen						
test-0010-00009	72514-3	Umumiy hajmdagi spermatozoidlar soni	Количество сперматозоидов в общем объёме	Spermatozoa total count [#] in Ejaculate						
test-0010-00010	10610-4	Harakatchanlik — faol	Подвижность — активные	Spermatozoa progressive motility [#/volume] in Semen						
test-0010-00011	10611-2	Harakatchanlik — sust	Подвижность — вялые	Spermatozoa non-progressive motility [#/volume] in Semen						
test-0010-00012	10612-0	Harakatchanlik — harakatsiz	Подвижность — неподвижные	Spermatozoa immotile [#/volume] in Semen						
test-0010-00013	11070-6	Tirik spermatozoidlar	Живые сперматозоиды	Spermatozoa viability [#/volume] in Semen by Stain						
test-0010-00014	10613-8	Spermatozoidlarning patologik shakllari	Патологические формы сперматозоидов	Spermatozoa abnormal forms [#/volume] in Semen						
test-0010-00015	10614-6	Spermatogenez epiteliyasi	Эпителий сперматогенеза	Epithelial cells [Presence] in Semen						
test-0010-00016	10592-4	Leykotsitlar	Лейкоциты	Leukocytes [#/volume] in Semen						
test-0010-00017	19159-1	Letsitin donachalari	Лецитиновые зёрна	Lecithin bodies [Presence] in Semen by Microscopy						
test-0010-00018	10615-3	Agglyutinatsiya	Агглютинация	Spermatozoa agglutination [Presence] in Semen						
test-0010-00019	10593-2	Fruktoza	Фруктоза	Fructose [Moles/volume] in Semen						
test-0010-00020	10594-0	Limon kislotasi	Лимонная кислота	Citric acid [Moles/volume] in Semen						
test-0011-00001	11525-3	Balg‘am tahlili	Анализ мокроты	Sputum studies (panel) – Sputum						
test-0011-00002	40868-5	Miqdori	Количество	Sputum volume [Volume]						
test-0011-00003	10588-2	Hidi	Запах	Sputum odor [Type]						
test-0011-00004	11526-1	Rangi	Цвет	Sputum color [Type]						
test-0011-00005	11525-3	Xususiyati (tavsifi)	Характер (описание)	Sputum gross description						
test-0011-00006	11527-9	Aralashmalar	Примеси	Sputum inclusions [Type]						
test-0011-00007	11528-7	Konsistensiyasi	Консистенция	Sputum consistency [Type]						
test-0011-00008	12248-1	Epiteliy	Эпителий	Epithelial cells [Presence] in Sputum by Light microscopy						
test-0011-00009	12249-9	Alveolyar makrofaglar	Альвеолярные макрофаги	Macrophages [Presence] in Sputum by Light microscopy						
test-0011-00010	12250-7	Leykotsitlar	Лейкоциты	Leukocytes [#/area] in Sputum by Light microscopy						
test-0011-00011	12251-5	Eritrotsitlar	Эритроциты	Erythrocytes [Presence] in Sputum by Light microscopy						
test-0011-00012	22768-2	Tolalar	Волокна	Fibers [Presence] in Sputum by Light microscopy						
test-0011-00013	12252-3	Elastik tolalar	Эластические волокна	Elastic fibers [Presence] in Sputum by Light microscopy						
test-0011-00014	12253-1	Ohaklangan (toshga o‘xshash) zarrachalar	Обызвествлённые (окаменевшие частицы)	Calcified bodies [Presence] in Sputum by Light microscopy						
test-0011-00015	11545-1	Sil mikobakteriyalari	Микобактерии туберкулёза	Mycobacterium tuberculosis [Presence] in Sputum by Microscopy (Ziehl–Neelsen stain)						
test-0011-00016	12254-9	Eozinofillar	Эозинофилы	Eosinophils [#/area] in Sputum by Light microscopy						
test-0011-00017	12255-6	Zamburug‘lar	Грибы	Fungi [Presence] in Sputum by Light microscopy						
test-0011-00018	12256-4	Boshqa flora	Другая флора	Bacteria [Presence] in Sputum by Light microscopy						
test-0011-00019	19148-4	Kurshman spirallari	Спирали Куршмана	Curschmann's spirals [Presence] in Sputum by Light microscopy						
test-0011-00020	19149-2	Sharko–Leyden kristallari	Кристаллы Шарко–Лейдена	Charcot–Leyden crystals [Presence] in Sputum by Light microscopy						
test-0011-00021	12247-3	Atipik belgilarga ega hujayralar	Клетки с атипичными признаками	Epithelial cells atypical [Presence] in Sputum by Cytology						
test-0012-00001	19132-8	Prostata bezi sekretining tahlili	Анализ секрета предстательной железы	Prostatic secretion study (panel) – Prostatic fluid						
test-0012-00002	19133-6	Miqdori	Количество	Prostatic fluid volume [Volume]						
test-0012-00003	19134-4	Rangi	Цвет	Prostatic fluid color [Type]						
test-0012-00004	19135-1	Shaffofligi	Прозрачность	Prostatic fluid clarity [Type]						
test-0012-00005	19136-9	Konsistensiyasi	Консистенция	Prostatic fluid consistency [Type]						
test-0012-00006	19137-7	Leykotsitlar	Лейкоциты	Leukocytes [#/area] in Prostatic fluid by Microscopy HPF						
test-0012-00007	19138-5	Eritrotsitlar	Эритроциты	Erythrocytes [Presence] in Prostatic fluid by Light microscopy						
test-0012-00008	19139-3	Epiteliy	Эпителий	Epithelial cells [Presence] in Prostatic fluid by Light microscopy						
test-0012-00009	19140-1	Makrofaglar	Макрофаги	Macrophages [Presence] in Prostatic fluid by Light microscopy						
test-0012-00010	19141-9	Letsitin donachalari	Лецитиновые зёрна	Lecithin bodies [Presence] in Prostatic fluid by Light microscopy						
test-0012-00011	19142-7	Amiloid tanachalar	Амилоидные тельца	Amyloid bodies [Presence] in Prostatic fluid by Light microscopy						
test-0012-00012	19143-5	Spermatozoidlar	Сперматозоиды	Spermatozoa [Presence] in Prostatic fluid by Light microscopy						
test-0012-00013	19144-3	Trichomonadalar	Трихомонады	Trichomonas vaginalis [Presence] in Prostatic fluid by Light microscopy						
test-0012-00014	19145-0	Gonokokklar	Гонококки	Neisseria gonorrhoeae [Presence] in Prostatic fluid by Light microscopy						
test-0012-00015	19146-8	Boshqa flora	Другая флора	Bacteria [Presence] in Prostatic fluid by Light microscopy						
test-0012-00016	19147-6	Atipik belgilarga ega hujayralar	Клетки с атипичными признаками	Epithelial cells atypical [Presence] in Prostatic fluid by Cytology						
test-0013-00001	50596-8	TORCH-infeksiyalar bo‘yicha tahlil	Анализ на TORCH-инфекции	TORCH IgG panel – Serum						
test-0013-00002	50964-2	Xlamidiya (IgG antitanalari)	Хламидия (антитела IgG)	Chlamydia trachomatis IgG Ab [Presence] in Serum by Immunoassay						
test-0013-00003	40677-7	Toksoplazmoz (IgG antitanalari)	Токсоплазмоз (антитела IgG)	Toxoplasma gondii IgG Ab [Presence] in Serum by Immunoassay						
test-0013-00004	13949-3	Sitomegalovirus (IgG antitanalari)	Цитомегаловирус (антитела IgG)	Cytomegalovirus IgG Ab [Presence] in Serum by Immunoassay						
test-0013-00005	48346-1	Oddiy gerpes virusi (IgG antitanalari)	Вирус простого герпеса (антитела IgG)	Herpes simplex virus 1+2 IgG Ab [Presence] in Serum by Immunoassay						
test-0013-00006	32703-1	Ureaplazma	Уреаплазма	Ureaplasma urealyticum DNA [Presence] in Specimen by NAA with probe detection						
test-0014-00001	19101-7	Serebrospinal suyuqlik (likvor) tekshiruvi	Исследование цереброспинальной жидкости (ликвора)	Cerebrospinal fluid studies (panel)						
test-0014-00002	19102-5	Miqdori	Количество	Cerebrospinal fluid volume [Volume]						
test-0014-00003	10335-8	Sentrifugatsiyadan keyingi rangi	Цвет после центрифугирования	CSF color [Type]						
test-0014-00004	10336-6	Sentrifugatsiyadan oldingi ksantoxromiya	Ксантохромия до центрифугирования	CSF xanthochromia [Presence]						
test-0014-00005	10337-4	Sentrifugatsiyadan keyingi shaffofligi	Прозрачность после центрифугирования	CSF clarity [Type]						
test-0014-00006	2880-3	Oqsil	Белок	Protein [Mass/volume] in Cerebrospinal fluid						
test-0014-00007	19103-3	Pandi reaksiyasi	Реакция Панди	Pandy test [Interpretation] in Cerebrospinal fluid						
test-0014-00008	10328-3	Limfotsitlar	Лимфоциты	Lymphocytes [#/volume] in Cerebrospinal fluid by Manual count						
test-0014-00009	10329-1	Eozinofillar	Эозинофилы	Eosinophils [#/volume] in Cerebrospinal fluid by Manual count						
test-0014-00010	10330-9	Neytrofillar	Нейтрофилы	Neutrophils [#/volume] in Cerebrospinal fluid by Manual count						
test-0014-00011	19104-1	Makrofaglar	Макрофаги	Macrophages [Presence] in Cerebrospinal fluid by Light microscopy						
test-0014-00012	19105-8	O‘zgargan hujayralar	Изменённые клетки	Cells abnormal [Presence] in Cerebrospinal fluid by Cytology						
test-0014-00013	19106-6	Poliblastlar	Полибласты	Polynuclear cells [Presence] in Cerebrospinal fluid by Light microscopy						
test-0014-00014	19107-4	Plazmatik hujayralar	Плазматические клетки	Plasma cells [Presence] in Cerebrospinal fluid by Light microscopy						
test-0014-00015	19108-2	Araxnoidal endoteliy hujayralari	Клетки арахноидального эндотелия	Arachnoid cells [Presence] in Cerebrospinal fluid by Light microscopy						
test-0014-00016	19109-0	Ependima hujayralari	Клетки эпендимы	Ependymal cells [Presence] in Cerebrospinal fluid by Light microscopy						
test-0014-00017	19110-8	Donador sharlar	Зернистые шары	Granular corpuscles [Presence] in Cerebrospinal fluid by Light microscopy						
test-0014-00018	19111-6	Zamburug‘lar	Грибы	Fungi [Presence] in Cerebrospinal fluid by Light microscopy						
test-0014-00019	10331-7	Eritrotsitlar	Эритроциты	Erythrocytes [#/volume] in Cerebrospinal fluid by Manual count						
test-0015-00001	4469-9	Suyak iligi punktati tahlili	Анализ пунктата костного мозга	Bone marrow differential panel – Bone marrow smear or aspirate						
test-0015-00002	74466-5	Miyelokariotsitlar soni	Количество миелокариоцитов	Myelokaryocytes [#/volume] in Bone marrow by Manual count						
test-0015-00003	74467-3	Megakariotsitlar soni	Количество мегакариоцитов	Megakaryocytes [Presence] in Bone marrow by Light microscopy						
test-0015-00004	26444-0	Yetilmagan blastlar	Незрелые бласты	Blast cells immature [#/100 cells] in Bone marrow by Manual count						
test-0015-00005	26445-7	Miyeloblastlar	Миелобласты	Myeloblasts/100 leukocytes in Bone marrow by Manual count						
test-0015-00006	26446-5	Promiyelotsitlar	Промиелоциты	Promyelocytes/100 leukocytes in Bone marrow by Manual count						
test-0015-00007	26447-3	Miyelotsitlar	Миелоциты	Myelocytes/100 leukocytes in Bone marrow by Manual count						
test-0015-00008	26448-1	Metamiyelotsitlar	Метамиелоциты	Metamyelocytes/100 leukocytes in Bone marrow by Manual count						
test-0015-00009	26449-9	Tayoqchasimon yadroli neytrofillar	Палочкоядерные нейтрофилы	Neutrophils.band form/100 leukocytes in Bone marrow by Manual count						
test-0015-00010	26450-7	Segmentyadroli neytrofillar	Сегментоядерные нейтрофилы	Neutrophils.segmented/100 leukocytes in Bone marrow by Manual count						
test-0015-00011	26453-1	Limfoblastlar	Лимфобласты	Lymphoblasts/100 leukocytes in Bone marrow by Manual count						
test-0015-00012	26454-9	Prolimfotsitlar	Пролимфоциты	Prolymphocytes/100 leukocytes in Bone marrow by Manual count						
test-0015-00013	26455-6	Limfotsitlar	Лимфоциты	Lymphocytes/100 leukocytes in Bone marrow by Manual count						
test-0015-00014	26456-4	Monoblastlar	Монобласты	Monoblasts/100 leukocytes in Bone marrow by Manual count						
test-0015-00015	26457-2	Promonotsitlar	Промоноциты	Promonocytes/100 leukocytes in Bone marrow by Manual count						
test-0015-00016	26458-0	Monotsitlar	Моноциты	Monocytes/100 leukocytes in Bone marrow by Manual count						
test-0015-00017	26459-8	Leyko-eritroblastik nisbat	Лейко-эритробластическое соотношение	Myeloid/erythroid ratio in Bone marrow						
test-0015-00018	26460-6	Neytrofillar yetilish indeksi	Индекс созревания нейтрофилов	Neutrophil maturation index in Bone marrow						
test-0015-00019	26461-4	Proeritroblastlar	Проэритробласты	Proerythroblasts/100 erythroid cells in Bone marrow by Manual count						
test-0015-00020	26462-2	Bazofil eritroblastlar	Базофильные эритробласты	Erythroblasts.basophilic/100 erythroid cells in Bone marrow by Manual count						
test-0015-00021	26463-0	Polixromatofil eritroblastlar	Полихроматофильные эритробласты	Erythroblasts.polychromatophilic/100 erythroid cells in Bone marrow by Manual count						
test-0015-00022	26464-8	Oksifil eritroblastlar	Оксифильные эритробласты	Erythroblasts.oxyphilic/100 erythroid cells in Bone marrow by Manual count						
test-0015-00023	26465-5	Polixromatofil normoblastlar	Полихроматофильные нормобласты	Normoblasts.polychromatophilic/100 erythroid cells in Bone marrow by Manual count						
test-0015-00024	26466-3	Oksifil normoblastlar	Оксифильные нормобласты	Normoblasts.oxyphilic/100 erythroid cells in Bone marrow by Manual count						
test-0015-00025	74452-5	Promegaloblastlar	Промегалобласты	Megaloblasts.pro/100 erythroid cells in Bone marrow by Manual count						
test-0015-00026	74453-3	Bazofil megaloblastlar	Базофильные мегалобласты	Megaloblasts.basophilic/100 erythroid cells in Bone marrow by Manual count						
test-0015-00027	74454-1	Polixromatofil megaloblastlar	Полихроматофильные мегалобласты	Megaloblasts.polychromatophilic/100 erythroid cells in Bone marrow by Manual count						
test-0015-00028	74455-8	Oksifil megaloblastlar	Оксифильные мегалобласты	Megaloblasts.oxyphilic/100 erythroid cells in Bone marrow by Manual count						
test-0015-00029	74456-6	Megakarioblastlar	Мегакариобласты	Megakaryoblasts/100 cells in Bone marrow by Manual count						
test-0015-00030	74457-4	Promegakariotsitlar	Промегакариоциты	Promegakaryocytes/100 cells in Bone marrow by Manual count						
test-0015-00031	74458-2	Megakariotsitlar	Мегакариоциты	Megakaryocytes/100 cells in Bone marrow by Manual count						
test-0015-00032	74459-0	Retikulyar hujayralar	Ретикулярные клетки	Reticular cells [#/100 cells] in Bone marrow by Manual count						
test-0015-00033	26467-1	Plazmoblastlar	Плазмобласты	Plasmablasts/100 leukocytes in Bone marrow by Manual count						
test-0015-00034	74460-8	Proplazmotsitlar	Проплазмоциты	Proplasmocytes/100 leukocytes in Bone marrow by Manual count						
test-0015-00035	26468-9	Plazmatik hujayralar	Плазматические клетки	Plasma cells/100 leukocytes in Bone marrow by Manual count						
test-0015-00036	74461-6	Granulopoez hujayralarining mitozi	Митоз клеток гранулопоэза	Myelopoiesis cells mitosis [Presence] in Bone marrow						
test-0015-00037	74462-4	Eritropoez hujayralarining mitozi	Митоз клеток эритропоэза	Erythropoiesis cells mitosis [Presence] in Bone marrow						
test-0015-00038	74463-2	Eritroblastlar va normoblastlar sitoplazmasining yetilish indeksi	Индекс зрелости цитоплазмы эритробластов и нормобластов	Cytoplasmic maturation index of erythroid cells in Bone marrow						
